Tag,Antall oppføringer
altinn,3
api,11
app,1
applikasjoner,2
arbeidsflate,5
arbeidsmarked,1
autentisering,3
automatisering,3
befolkning,1
dapla,12
datadeling,2
datadoc,1
datafangst,1
datahenting,2
datahåndtering,1
datainnsamling,7
datakatalog,1
dataminimering,2
dataredigering,2
datasett,3
dataversjonering,1
dokumentasjon,8
estimering,2
fagfunksjoner,7
fagspesifikk,20
felles,59
fellesfunksjoner,2
filhåndtering,8
formidling,1
forskning,4
geodata,4
identifisering,1
integrasjon,2
jordbruk,1
kildomaten,1
klassifikasjoner,4
kode,59
kodeoppsett,1
kodeverk,3
kommandolinje,3
konfidensialitet,1
konjunktur,1
kontroll-og-editering,2
kostra,2
lagring,4
lavkode,4
lederrelevant,9
logging,1
metadata,15
metode,6
microdata,1
migrering,2
modellering,3
nasjonalregnskap,1
nudb,2
opplæring,1
prisstatistikk,1
produksjonsmodell,1
prosessmodell,1
prosjektstandard,3
pseudonymisering,2
publisering,3
python,50
r,12
skjemahåndtering,2
skyplattform,2
spørreundersøkelser,1
standard,1
statbank,3
stordatabehandling,1
strukturmetadata,2
syntetiske-data,1
teamadministrasjon,2
teknisk,11
testing,1
tidsserier,3
tilgangsstyring,5
utvalg,1
vardef,1
variabler,6
versjonskontroll,2
visualisering,4
